{"skeleton":{"hash":"9+5ApDP/MJk","spine":"4.0.37","x":-625.69,"y":-8.45,"width":1199,"height":773},"bones":[{"name":"root"},{"name":"bone","parent":"root","length":173.29,"rotation":101.11,"x":44.31,"y":116.23},{"name":"bone2","parent":"bone","length":194.55,"rotation":23.07,"x":173.29},{"name":"bone3","parent":"bone2","length":85.88,"rotation":10.81,"x":194.55},{"name":"bone4","parent":"bone3","length":158.99,"rotation":-7.18,"x":171.06,"y":-14.34},{"name":"bone5","parent":"bone4","length":101.66,"rotation":-105.03,"x":-73.12,"y":-45.29},{"name":"bone6","parent":"bone3","length":212.96,"rotation":-162.24,"x":80.92,"y":126.17},{"name":"bone7","parent":"bone6","length":201.9,"rotation":85.91,"x":228.83,"y":75.65},{"name":"bone8","parent":"bone7","length":149.62,"rotation":46.58,"x":242.63,"y":16.01},{"name":"bone9","parent":"bone3","length":140.91,"rotation":-131.19,"x":-38.38,"y":-38.2},{"name":"bone10","parent":"bone9","length":216.75,"rotation":-9.77,"x":190.41,"y":-46.51},{"name":"bone11","parent":"bone10","length":133.31,"rotation":-19.89,"x":275.14,"y":0.44},{"name":"bone12","parent":"bone","length":202.34,"rotation":-61.38,"x":20.52,"y":90.04},{"name":"bone13","parent":"bone12","length":180.22,"rotation":-110.93,"x":277.04,"y":-45.04},{"name":"bone14","parent":"bone13","length":94.27,"rotation":88.54,"x":259.58,"y":-11.19},{"name":"bone15","parent":"bone","length":202.92,"rotation":-54.24,"x":40.76,"y":-127.9},{"name":"bone16","parent":"bone15","length":176.07,"rotation":-118.24,"x":244.86,"y":-55.75},{"name":"bone17","parent":"bone16","length":107.36,"rotation":83.47,"x":238.86,"y":-13.25},{"name":"bone18","parent":"root","length":120.03,"rotation":91.79,"x":-398.55,"y":29.03}],"slots":[{"name":"Barrel","bone":"root","attachment":"Barrel"},{"name":"Rom","bone":"root","attachment":"Rom"},{"name":"left foot 3","bone":"root","attachment":"left foot 3"},{"name":"left foot 2","bone":"root","attachment":"left foot 2"},{"name":"left foot 1","bone":"root","attachment":"left foot 1"},{"name":"Left hand  3","bone":"root","attachment":"Left hand  3"},{"name":"Left hand 2","bone":"root","attachment":"Left hand 2"},{"name":"Left hand 1","bone":"root","attachment":"Left hand 1"},{"name":"torso","bone":"root","attachment":"torso"},{"name":"Right  foot  3","bone":"root","attachment":"Right  foot  3"},{"name":"Right  foot  2","bone":"root","attachment":"Right  foot  2"},{"name":"Right  foot 1","bone":"root","attachment":"Right  foot 1"},{"name":"jaws","bone":"root","attachment":"jaws"},{"name":"head","bone":"root","attachment":"head"},{"name":"Right hand 3","bone":"root","attachment":"Right hand 3"},{"name":"Right hand 2","bone":"root","attachment":"Right hand 2"},{"name":"Right hand 1","bone":"root","attachment":"Right hand 1"}],"skins":[{"name":"default","attachments":{"Barrel":{"Barrel":{"type":"mesh","uvs":[1,1,0,1,0,0,1,0],"triangles":[1,2,3,1,3,0],"vertices":[1,18,-14.93,-238.51,1,1,18,-0.38,227.26,1,1,18,547.35,210.15,1,1,18,532.8,-255.63,1],"hull":4}},"head":{"head":{"type":"mesh","uvs":[1,1,0,1,0,0,1,0],"triangles":[1,2,3,1,3,0],"vertices":[1,4,-90.3,-59.69,1,1,4,69.11,145.71,1,1,4,243.69,10.21,1,1,4,84.28,-195.19,1],"hull":4}},"jaws":{"jaws":{"type":"mesh","uvs":[1,1,0,1,0,0,1,0],"triangles":[1,2,3,1,3,0],"vertices":[1,5,12.89,-72.39,1,1,5,-145.69,-5.78,1,1,5,-109.29,80.88,1,1,5,49.29,14.28,1],"hull":4}},"left foot 1":{"left foot 1":{"type":"mesh","uvs":[1,1,0,1,0,0,1,0],"triangles":[1,2,3,1,3,0],"vertices":[1,15,82.06,-152.43,1,1,15,-55.35,-5.74,1,1,15,114.69,153.55,1,1,15,252.11,6.85,1],"hull":4}},"left foot 2":{"left foot 2":{"type":"mesh","uvs":[1,1,0,1,0,0,1,0],"triangles":[1,2,3,1,3,0],"vertices":[1,16,216.41,31.8,1,1,16,176.81,-85.7,1,1,16,-42.09,-11.92,1,1,16,-2.48,105.59,1],"hull":4}},"left foot 3":{"left foot 3":{"type":"mesh","uvs":[1,1,0,1,0,0,1,0],"triangles":[1,2,3,1,3,0],"vertices":[1,17,111.07,-56.88,1,1,17,-26.8,-27.33,1,1,17,-7.1,64.58,1,1,17,130.77,35.04,1],"hull":4}},"Left hand 1":{"Left hand 1":{"type":"mesh","uvs":[1,1,0,1,0,0,1,0],"triangles":[1,2,3,1,3,0],"vertices":[1,9,171.81,-47.05,1,1,9,-101.59,-28.83,1,1,9,-95.73,58.98,1,1,9,177.66,40.75,1],"hull":4}},"Left hand 2":{"Left hand 2":{"type":"mesh","uvs":[1,1,0,1,0,0,1,0],"triangles":[1,2,3,1,3,0],"vertices":[1,10,253.75,-37.64,1,1,10,-37.67,-68.05,1,1,10,-48.78,38.37,1,1,10,242.64,68.78,1],"hull":4}},"Left hand  3":{"Left hand  3":{"type":"mesh","uvs":[1,1,0,1,0,0,1,0],"triangles":[1,2,3,1,3,0],"vertices":[1,11,179.14,-23.96,1,1,11,18.94,-101.56,1,1,11,-50.37,41.54,1,1,11,109.82,119.13,1],"hull":4}},"Right  foot 1":{"Right  foot 1":{"type":"mesh","uvs":[1,1,0,1,0,0,1,0],"triangles":[1,2,3,1,3,0],"vertices":[1,12,109.6,-158.03,1,1,12,-64.96,-12.92,1,1,12,74.4,154.72,1,1,12,248.96,9.61,1],"hull":4}},"Right  foot  2":{"Right  foot  2":{"type":"mesh","uvs":[1,1,0,1,0,0,1,0],"triangles":[1,2,3,1,3,0],"vertices":[1,13,217.8,22.44,1,1,13,175.24,-102.51,1,1,13,-47.21,-26.73,1,1,13,-4.64,98.22,1],"hull":4}},"Right  foot  3":{"Right  foot  3":{"type":"mesh","uvs":[1,1,0,1,0,0,1,0],"triangles":[1,2,3,1,3,0],"vertices":[1,14,94.42,-51.1,1,1,14,-43.02,-8.15,1,1,14,-13.79,85.39,1,1,14,123.66,42.44,1],"hull":4}},"Right hand 1":{"Right hand 1":{"type":"mesh","uvs":[1,1,0,1,0,0,1,0],"triangles":[1,2,3,1,3,0],"vertices":[1,6,249.84,-26.19,1,1,6,25.79,-141.54,1,1,6,-52.03,9.6,1,1,6,172.02,124.95,1],"hull":4}},"Right hand 2":{"Right hand 2":{"type":"mesh","uvs":[1,1,0,1,0,0,1,0],"triangles":[1,3,0,1,2,3],"vertices":[1,7,22.33,-156.23,1,1,7,-78.54,9.48,1,1,7,139.28,142.07,1,1,7,240.15,-23.64,1],"hull":4}},"Right hand 3":{"Right hand 3":{"type":"mesh","uvs":[1,1,0,1,0,0,1,0],"triangles":[1,2,3,1,3,0],"vertices":[1,8,-29.81,-26.68,1,1,8,1.24,87.16,1,1,8,172.97,40.33,1,1,8,141.92,-73.52,1],"hull":4}},"Rom":{"Rom":{"type":"mesh","uvs":[1,1,0,1,0,0,1,0],"triangles":[1,2,3,1,3,0],"vertices":[1,8,-27.79,-57.29,1,1,8,29.04,151.1,1,1,8,167.97,113.21,1,1,8,111.13,-95.18,1],"hull":4}},"torso":{"torso":{"type":"mesh","uvs":[0,0.24678,0.22341,0.5969,0.39783,1,1,0.92155,0.9845,0.60963,0.90522,0.22132,0.69116,0,0,0,0.62774,0.73058,0.41368,0.23405],"triangles":[0,7,9,9,7,6,9,6,5,1,0,9,8,9,5,1,9,8,8,5,4,8,4,3,2,1,8,2,8,3],"vertices":[3,1,350.68,225.65,0.0025,2,251.63,138.08,0.32145,3,81.97,124.92,0.67605,3,1,170.31,173.88,0.35633,2,65.4,161.13,0.63582,3,-96.62,182.5,0.00785,2,1,-31.24,145.39,0.96792,2,-131.19,213.91,0.03208,1,1,-38.97,-88.13,1,2,1,108.17,-110.99,0.96698,2,-103.41,-76.59,0.03302,2,1,295.77,-116.89,0.02082,2,66.87,-155.54,0.97918,2,2,200.26,-147.04,0.8885,3,-21.97,-145.5,0.1115,2,2,349,71.94,0.00552,3,165.21,41.68,0.99448,2,1,77.89,34.21,0.96192,2,-74.36,68.86,0.03808,3,1,326.1,69.01,2.4E-4,2,167.63,3.6,0.99921,3,-25.77,8.59,5.5E-4],"hull":8}}}}],"animations":{"animation":{"bones":{"bone3":{"rotate":[{},{"time":0.5333,"value":4.66},{"time":1.0333,"value":5.33},{"time":1.9667,"value":3.1},{"time":2.4333}]},"bone4":{"rotate":[{"time":2.4333},{"time":2.8333,"value":-7.69},{"time":3.3333}]},"bone5":{"translate":[{},{"time":0.5333,"x":-43.53,"y":-23.36},{"time":1.0333,"x":-5.77,"y":-32.48},{"time":1.5,"x":-37.36,"y":-29.01},{"time":1.9667,"x":-5.77,"y":-32.48},{"time":2.4333},{"time":2.6667,"x":-5.82,"y":-8.85},{"time":2.8667},{"time":3.1,"x":-5.82,"y":-8.85},{"time":3.3333}]},"bone6":{"rotate":[{"value":-13.55},{"time":0.5333,"value":19.73,"curve":"stepped"},{"time":1.9667,"value":19.73},{"time":2.4333,"value":-13.55},{"time":2.8333,"value":-14.88},{"time":3.3333,"value":-13.55}]},"bone7":{"rotate":[{"value":-19.14},{"time":0.5333,"value":-14.4},{"time":1.0333,"value":-5.28},{"time":1.9667,"value":-11.74},{"time":2.4333,"value":-19.14}]},"bone8":{"rotate":[{"value":-23.47},{"time":0.5333,"value":52.04,"curve":"stepped"},{"time":1.9667,"value":52.04},{"time":2.4333,"value":-24.89},{"time":2.8333,"value":-23.47},{"time":3.3333,"value":-24.89}]},"bone9":{"rotate":[{},{"time":0.5333,"value":-14.98,"curve":"stepped"},{"time":1.9667,"value":-14.98},{"time":2.4333}]},"bone10":{"rotate":[{},{"time":0.5333,"value":18.25},{"time":1.0333,"value":21.02,"curve":"stepped"},{"time":1.9667,"value":21.02},{"time":2.4333}]},"bone11":{"rotate":[{},{"time":0.5333,"value":2.89},{"time":1.0333,"value":13.43},{"time":1.9667,"value":2.89},{"time":2.4333}]},"bone13":{"rotate":[{},{"time":0.5333,"value":2.41,"curve":"stepped"},{"time":1.9667,"value":2.41},{"time":2.4333}]},"bone14":{"rotate":[{},{"time":0.5333,"value":-11.69,"curve":"stepped"},{"time":1.9667,"value":-11.69},{"time":2.4333},{"time":2.8333,"value":-9.17},{"time":3.3333}]},"bone16":{"rotate":[{},{"time":0.5333,"value":1.93,"curve":"stepped"},{"time":1.9667,"value":1.93},{"time":2.4333}]},"bone17":{"rotate":[{},{"time":0.5333,"value":-3.95},{"time":1.0333,"value":-6.64},{"time":1.5,"value":-3.95},{"time":1.9667,"value":-6.64},{"time":2.4333},{"time":2.8333,"value":-3.03},{"time":3.3333}]}}},"drink":{"bones":{"bone2":{"scale":[{"curve":[0.167,1,0.333,1.013,0.167,1,0.333,1]},{"time":0.5,"x":1.013,"curve":[0.667,1.013,0.833,1,0.667,1,0.833,1]},{"time":1,"curve":[1.144,1,1.289,1.013,1.144,1,1.289,1]},{"time":1.4333,"x":1.013,"curve":[1.567,1.013,1.7,1,1.567,1,1.7,1]},{"time":1.8333}]},"bone3":{"rotate":[{"value":4.66,"curve":[0.167,4.66,0.333,5.33]},{"time":0.5,"value":5.33,"curve":[0.811,5.33,1.122,3.1]},{"time":1.4333,"value":3.1,"curve":[1.567,3.1,1.7,4.66]},{"time":1.8333,"value":4.66}]},"bone4":{"rotate":[{"curve":[0.167,0,0.333,11.64]},{"time":0.5,"value":11.64,"curve":[0.811,11.64,1.122,0]},{"time":1.4333}]},"bone5":{"translate":[{"x":-43.53,"y":-23.36,"curve":[0.167,-43.53,0.333,-37.36,0.167,-23.36,0.333,-29.01]},{"time":0.5,"x":-37.36,"y":-29.01,"curve":"stepped"},{"time":1.4333,"x":-37.36,"y":-29.01,"curve":[1.567,-37.36,1.7,-43.53,1.567,-29.01,1.7,-23.36]},{"time":1.8333,"x":-43.53,"y":-23.36}]},"bone6":{"rotate":[{"value":19.73}]},"bone7":{"rotate":[{"value":-14.4,"curve":[0.167,-14.4,0.333,-5.28]},{"time":0.5,"value":-5.28,"curve":[0.811,-5.28,1.122,-9.61]},{"time":1.4333,"value":-11.74,"curve":[1.567,-12.65,1.7,-14.4]},{"time":1.8333,"value":-14.4}]},"bone8":{"rotate":[{"value":54.44,"curve":[0.167,54.44,0.333,49.88]},{"time":0.5,"value":49.88,"curve":[0.811,49.88,1.122,50.98]},{"time":1.4333,"value":52.04,"curve":[1.567,52.5,1.7,54.44]},{"time":1.8333,"value":54.44}]},"bone9":{"rotate":[{"value":-14.98}]},"bone10":{"rotate":[{"value":18.25,"curve":[0.167,18.25,0.333,21.02]},{"time":0.5,"value":21.02,"curve":"stepped"},{"time":1.4333,"value":21.02,"curve":[1.567,21.02,1.7,18.25]},{"time":1.8333,"value":18.25}]},"bone11":{"rotate":[{"value":2.89,"curve":[0.167,2.89,0.333,13.43]},{"time":0.5,"value":13.43,"curve":[0.811,13.43,1.122,2.89]},{"time":1.4333,"value":2.89}]},"bone13":{"rotate":[{"value":2.41}]},"bone14":{"rotate":[{"value":-11.69}]},"bone16":{"rotate":[{"value":1.93}]},"bone17":{"rotate":[{"value":-3.95,"curve":[0.167,-3.95,0.333,-6.64]},{"time":0.5,"value":-6.64,"curve":[0.667,-6.64,0.833,-3.95]},{"time":1,"value":-3.95,"curve":[1.144,-3.95,1.289,-6.64]},{"time":1.4333,"value":-6.64,"curve":[1.567,-6.64,1.7,-3.95]},{"time":1.8333,"value":-3.95}]}}}}}